113.122.38.160,40417
122.114.31.177,808
61.135.217.7,80
202.103.14.155,8118
219.155.10.30,8118
110.73.3.59,8123
180.156.95.105,8118
39.88.36.115,8118
39.85.92.226,8118
60.5.41.251,80
123.128.117.235,8118
49.71.16.60,8118
124.112.92.17,8118
49.89.87.13,47528
27.211.126.232,8118
114.215.16.148,8088
106.7.76.98,8118
27.210.186.235,8118
219.138.58.126,3128
49.85.2.228,45488
123.55.189.124,808
1.195.11.158,47192
49.84.80.221,49377
115.214.63.105,8118
114.228.23.137,8118
115.225.118.250,8118
139.208.184.80,8118
117.31.26.209,808
139.199.170.73,80
111.192.190.105,8118
117.86.11.4,21103
36.107.237.132,8118
123.163.160.94,808
113.121.241.80,808
180.118.241.116,61234
115.61.252.255,8118
125.77.49.146,808
117.36.103.170,8118
222.85.22.19,43080
60.24.145.211,8118
222.89.83.183,44859
113.93.100.173,22259
210.79.77.139,8080
183.186.86.171,80
125.79.48.47,808
175.151.252.223,8118
219.138.58.95,3128
116.52.240.162,8118
58.222.20.32,808
27.37.9.140,80
119.136.89.116,808
27.10.119.88,8118
122.237.76.235,8118
110.73.41.61,8123
182.41.3.186,8118
219.138.58.108,3128
139.199.0.118,80
121.31.145.137,8123
59.32.37.239,3128
110.73.32.244,8123
221.234.193.99,808
110.73.10.87,8123
171.35.103.37,808
27.219.15.217,8118
112.238.240.24,8118
49.85.8.74,22764
171.39.28.61,8123
218.73.132.253,25028
120.43.63.223,44083
120.42.121.23,43007
219.138.58.143,3128
116.226.61.234,8118
114.230.104.84,40033
106.56.102.156,808
120.33.247.156,808
114.230.126.232,34174
121.31.101.97,8123
180.155.128.253,41399
101.201.79.172,808
27.150.116.221,31831
110.82.102.178,27335
221.4.133.67,53281
118.254.154.2,3128
219.138.58.21,3128
122.237.107.60,80
122.4.44.26,38637
42.122.254.248,8118
223.241.78.24,8010
218.91.20.253,21023
113.251.219.80,8118
123.145.1.19,8118
223.241.118.14,8010
114.252.162.160,8118
122.225.17.123,8080
180.173.84.129,8118
27.40.130.68,61234
39.64.139.103,8118
183.52.150.7,61234
112.114.92.187,8118
119.49.63.149,80
112.64.109.74,8118
27.45.169.112,80
223.241.119.21,8010
118.254.142.42,53281
121.31.103.208,8123
219.138.58.9,3128
58.56.221.191,8118
114.221.137.117,8888
219.138.58.229,3128
121.31.139.181,8123
110.73.50.156,8123
110.73.34.133,8123
114.84.203.18,8118
118.254.145.8,3128
219.138.58.11,3128
183.172.53.2,8118
219.138.58.178,3128
220.166.242.57,8118
182.108.4.194,8118
180.118.240.214,61234
219.138.58.208,3128
111.155.124.69,8123
221.234.195.132,808
101.28.183.11,80
123.169.5.197,20346
60.175.213.122,24243
123.149.162.98,38485
222.76.187.82,8118
121.31.100.19,8123
171.39.41.57,8123
112.231.221.69,8118
123.55.92.150,26366
180.155.138.188,21255
222.76.145.4,35287
113.121.181.182,28307
111.79.139.233,808
180.123.27.217,39236
113.128.10.193,24454
115.203.176.140,41659
180.121.162.120,42263
115.46.67.237,8123
219.138.58.42,3128
112.237.29.57,8118
123.163.225.147,808
183.52.150.248,61234
219.138.58.112,3128
113.215.198.198,80
221.233.164.82,808
115.219.106.241,3128
183.52.150.44,61234
121.31.155.136,8123
121.31.157.248,8123
122.4.46.177,24823
36.99.215.185,26787
36.99.207.107,27662
125.81.78.19,8123
120.27.144.192,8080
171.39.44.193,8123
122.242.91.69,23409
117.28.163.74,46667
110.72.37.73,8123
49.81.32.231,28217
219.138.58.226,3128
175.13.3.254,80
114.232.169.4,35573
119.164.29.11,8118
180.118.241.251,61234
171.39.40.167,8123
123.163.129.235,41602
110.88.247.253,40360
183.52.150.8,61234
219.138.58.198,3128
219.138.58.211,3128
121.31.78.186,8123
223.241.78.198,8010
58.241.253.84,8118
121.31.101.64,8123
115.210.177.125,29265
110.73.6.65,8123
223.241.116.80,8010
110.73.30.62,8123
175.16.123.191,8118
1.197.205.24,808
106.124.206.104,8118
125.40.47.18,80
183.130.11.12,80
110.73.48.96,8123
118.187.58.34,53281
219.138.58.23,3128
124.235.144.56,80
140.250.154.35,45351
110.189.207.104,39322
219.138.58.131,3128
180.106.243.3,808
222.181.146.215,8118
124.72.99.54,44633
27.150.119.157,38929
180.122.148.11,39552
221.217.53.34,8118
180.122.146.143,29890
180.122.146.143,29890
117.28.145.158,36262
123.185.130.178,8118
223.245.182.125,61234
122.237.107.27,80
27.40.128.32,61234
112.114.94.105,8118
219.138.58.111,3128
219.138.58.232,3128
113.128.25.76,8888
219.138.58.114,3128
122.235.175.75,8118
183.145.175.23,80
59.51.123.47,3128
139.198.191.105,8888
112.114.96.176,8118
118.254.147.118,3128
219.138.58.146,3128
120.40.135.36,49762
112.93.188.46,80
123.161.153.116,20488
183.151.36.208,27615
223.241.117.126,8010
114.230.104.27,32068
110.88.127.21,45018
175.171.149.128,80
219.159.66.222,808
115.192.55.202,8118
221.200.121.57,8118
27.190.27.230,8118
60.175.212.30,26236
223.241.116.29,8010
101.64.141.115,8118
117.93.92.182,8118
123.119.202.254,8118
219.138.58.106,3128
223.241.117.236,8010
122.4.28.83,27027
123.163.161.255,43542
123.163.130.46,23649
59.32.37.250,3128
118.114.77.47,8080
110.73.8.121,8123
183.52.150.230,61234
180.212.140.46,8118
59.56.46.91,808
110.73.49.85,8123
223.241.78.19,8010
39.85.26.35,8118
123.163.143.83,33854
123.114.49.39,8118
218.73.138.148,36027
123.54.238.198,37295
113.128.30.0,23522
110.73.8.66,8123
58.20.79.98,8118
118.75.181.104,8118
123.12.72.73,61234
14.126.27.0,8118
115.202.227.88,24692
42.243.51.137,8118
116.52.242.11,8118
60.164.137.252,8118
180.105.217.13,8118
223.241.118.217,8010
223.241.78.250,8010
182.88.184.153,8123
182.88.134.140,8123
123.162.203.159,44125
49.86.238.240,8123
182.88.178.169,8123
180.115.6.89,30770
118.254.150.178,3128
110.72.31.62,8123
111.155.116.236,8123
183.52.150.108,61234
123.233.3.215,8118
171.37.166.119,8123
171.38.26.212,8123
223.241.118.215,8010
171.39.42.158,8123
171.39.43.149,8123
115.46.74.176,8118
111.155.116.211,8123
115.193.85.31,8118
183.52.150.21,61234
110.73.50.120,8123
106.58.116.167,80
203.91.45.34,808
113.87.123.128,8118
218.73.143.206,33400
122.4.46.243,48886
115.213.147.84,24163
123.129.7.9,8118
115.216.64.227,8118
110.73.13.32,8123
223.241.119.129,808
110.73.53.88,8123
218.27.170.160,8118
106.42.21.177,39771
49.85.0.19,45282
121.31.101.236,8123
223.241.119.30,8010
120.40.132.48,33109
218.74.85.109,50000
222.93.143.83,61234
110.73.0.87,8123
110.73.1.217,8123
183.55.101.55,8118
58.241.244.97,8118
222.76.187.225,8118
106.226.51.179,8118
118.120.185.54,49546
219.138.58.49,3128
110.73.40.111,8123
115.210.78.155,30067
125.122.19.105,36746
27.157.131.32,36487
115.205.243.112,8118
110.73.52.237,8123
223.241.116.215,8010
221.217.54.174,8118
121.228.27.120,8118
183.148.93.125,41820
183.148.87.86,48483
183.157.190.194,80
117.67.113.132,8118
153.34.202.244,8118
106.122.170.15,8118
123.150.134.45,8118
183.94.110.234,8118
221.233.85.154,3128
123.52.76.172,43176
123.185.131.191,8118
110.73.15.203,8123
180.155.131.233,37275
183.148.75.228,44950
183.128.35.197,808
180.118.193.167,28560
114.234.81.113,29795
219.138.58.176,3128
175.14.79.158,808
106.46.71.84,45841
59.56.224.163,45499
125.47.111.244,8118
124.127.156.64,8118
182.35.84.254,8118
1.199.155.56,46353
144.52.216.116,8118
120.42.127.131,29302
223.241.79.117,8010
125.126.166.222,34552
121.31.199.43,8123
121.31.192.68,8123
115.46.122.164,8123
223.241.118.108,8010
223.241.116.54,8010
115.46.123.80,8123
110.72.28.66,8123
180.155.139.3,34448
121.31.139.234,8123
182.38.77.27,8080
110.73.3.159,8123
115.46.85.163,8123
110.73.33.102,8123
115.225.113.15,8118
121.31.157.103,8123
61.137.162.162,80
110.73.14.161,8123
119.114.19.200,29371
110.72.35.233,8123
113.121.43.253,46590
121.31.194.235,8123
110.73.2.228,8123
223.241.116.52,8010
121.31.157.87,8123
110.88.3.185,8118
115.46.217.146,8123
122.241.75.70,808
123.152.77.68,8118
116.8.81.168,8118
121.31.137.213,8123
223.241.117.14,8010
59.51.120.209,3128
112.93.191.128,80
115.236.8.140,8118
117.92.123.93,29273
49.89.84.218,28394
121.31.145.32,8123
36.22.158.78,8118
219.138.58.221,3128
221.7.175.245,8123
219.138.58.216,3128
49.67.138.193,48763
171.38.74.198,8123
223.241.119.208,8010
114.239.172.201,42656
219.138.58.245,3128
171.37.158.166,8123
218.73.143.196,42006
171.37.158.166,8123
218.73.143.196,42006
182.39.15.85,29274
119.186.251.107,8118
114.232.81.102,46947
123.12.71.146,61234
110.73.48.81,8123
219.138.58.89,3128
112.95.61.146,8118
125.126.169.107,27745
180.117.227.196,8118
117.64.225.132,808
114.95.116.177,8118
49.76.175.38,8118
118.254.149.74,3128
183.52.150.159,61234
111.196.71.196,8118
113.225.125.70,80
183.52.150.196,61234
110.72.30.9,8123
183.52.150.215,61234
121.31.153.59,8123
110.73.29.87,8123
223.241.116.232,8010
110.73.0.77,8123
27.40.128.189,61234
121.31.100.249,8123
183.52.150.178,61234
27.40.150.251,61234
110.72.39.159,8123
171.38.91.11,8123
114.232.118.89,21579
183.52.150.98,61234
60.184.119.241,48624
111.155.116.249,8123
115.210.176.196,38480
183.52.150.91,61234
114.232.168.194,35719
115.210.180.98,47181
140.250.165.229,26149
115.226.151.126,38392
114.232.160.217,48738
124.237.131.237,9999
122.4.44.240,47432
114.230.122.180,808
110.73.7.94,8123
171.15.88.214,24675
222.76.187.143,8118
114.99.28.89,808
115.216.37.28,61234
175.146.93.17,21060
121.31.154.37,8123
110.72.23.93,8123
42.49.119.116,8118
183.48.91.231,8118
119.137.194.223,80
27.40.146.28,61234
123.54.235.240,46775
113.121.180.246,44638
27.39.13.134,8123
180.118.121.114,34570
117.31.145.137,41616
171.13.37.21,808
111.155.116.227,8123
121.31.139.16,8123
60.184.180.215,8118
223.241.79.57,8010
118.254.147.195,3128
115.203.215.235,41264
27.40.156.49,61234
219.138.58.201,3128
222.85.50.135,808
49.74.140.12,8123
221.10.159.234,1337
223.241.118.57,8010
113.77.100.121,3128
111.155.116.235,8123
121.31.198.155,8123
121.31.199.92,8123
110.72.21.210,8123
121.31.197.24,8123
219.138.58.217,3128
110.73.10.234,8123
223.241.78.51,8118
121.206.114.121,37091
118.254.151.188,3128
123.163.167.103,808
180.118.242.65,808
115.55.157.251,8118
120.26.114.170,1080
220.161.242.244,28069
183.144.209.85,20840
180.118.228.84,30171
223.245.241.47,61234
125.81.39.74,8123
175.8.227.242,8118
121.31.157.189,8123
219.138.58.179,3128
222.182.53.111,8118
115.225.117.29,8118
120.77.144.245,9999
120.39.163.112,30865
115.230.63.74,25531
171.14.208.176,38457
182.34.103.76,20252
117.92.115.249,33419
144.255.48.171,46247
113.124.222.40,22129
113.121.241.144,36669
122.4.44.37,39497
123.163.167.16,808
180.155.134.92,28043
120.37.176.73,39641
106.46.124.83,43127
123.12.71.146,61234
123.55.190.65,24516
183.145.170.89,80
49.72.71.136,31549
110.73.32.20,8123
110.73.53.83,8123
117.71.159.149,61234
49.85.4.105,28290
110.250.2.189,8118
183.52.150.140,61234
101.68.73.54,53281
112.114.95.44,8118
183.52.150.239,61234
223.241.79.48,8010
180.118.242.224,61234
223.241.78.73,8010
115.46.75.198,8123
183.52.150.175,61234
123.185.131.252,8118
183.144.221.206,3128
112.114.95.85,8118
219.138.58.203,3128
183.52.150.231,61234
139.208.42.101,8118
223.241.119.1,8010
117.71.150.0,61234
118.254.151.196,3128
118.254.146.51,3128
49.73.108.18,8118
180.118.240.165,61234
110.73.5.80,8123
114.239.172.170,35285
219.138.58.59,3128
221.228.177.170,808
125.72.106.232,808
171.37.155.199,8123
42.49.119.117,8118
182.108.5.246,8118
180.118.243.90,61234
180.155.135.162,42887
219.138.58.219,3128
117.71.149.235,61234
182.88.135.55,8123
223.241.119.99,8010
183.52.150.27,61234
112.228.133.117,8118
115.46.72.105,8123
123.169.39.221,25974
110.85.89.195,808
110.73.9.22,8123
219.149.46.151,3129
1.199.154.20,26081
42.49.119.119,8118
110.73.31.168,8123
106.56.102.175,808
49.89.87.154,32564
180.155.135.119,43784
182.42.36.66,38804
202.108.2.42,80
61.135.155.82,443
110.87.0.33,31715
183.52.150.37,61234
59.34.206.139,3128
219.138.58.86,3128
223.241.116.231,8010
113.121.243.172,808
125.124.134.133,3128
59.59.228.229,8118
110.72.17.91,8123
121.31.199.0,8123
180.155.132.94,28883
113.124.93.118,47265
171.37.67.154,8123
171.13.37.195,808
118.254.144.194,3128
125.79.71.85,33613
124.237.129.205,9999
223.241.79.189,8010
120.40.212.16,25576
118.254.150.99,3128
118.254.144.188,3128
180.155.134.251,32898
121.31.145.43,8123
183.52.150.182,61234
115.46.69.33,8123
171.12.182.94,22024
183.52.150.2,61234
117.92.205.162,49020
39.75.62.197,8118
27.19.87.74,8123
27.152.56.192,30804
113.251.220.53,8118
59.110.139.20,8118
183.144.201.226,26769
115.213.225.213,40421
219.138.58.39,3128
118.254.152.3,3128
112.228.172.6,8118
125.79.71.122,38639
110.73.10.136,8123
36.36.24.199,8080
122.241.2.197,39956
110.73.29.79,8123
121.31.103.228,8123
110.73.13.69,8123
117.60.173.237,26294
182.38.105.186,808
183.148.83.133,21288
171.13.254.90,43722
110.72.16.245,8123
171.12.177.83,40403
49.85.14.27,49037
118.120.185.32,26007
183.146.14.17,29728
115.203.168.218,26379
121.31.158.67,8123
113.128.24.155,35376
121.31.177.127,8123
110.73.52.76,8123
115.213.241.249,30820
171.39.73.12,8123
115.213.202.153,808
123.185.129.95,8118
1.195.121.144,47596
118.254.149.228,3128
49.87.75.126,43339
219.138.58.118,3128
49.85.14.243,31044
221.227.59.237,23156
114.218.249.165,61234
110.73.43.167,8123
183.151.100.159,49627
59.51.120.146,3128
144.123.68.128,31130
101.64.141.71,8118
1.199.195.10,45725
112.228.167.48,8118
115.230.67.26,30964
182.244.183.130,8118
140.250.137.72,24264
124.72.216.247,808
115.46.75.51,8123
183.52.150.46,61234
39.71.175.107,8118
182.91.235.0,8118
60.175.199.190,24410
118.254.145.175,3128
121.31.102.175,8123
113.121.168.247,30971
171.11.79.175,21975
218.66.145.47,46899
42.49.119.120,8118
49.87.177.143,31270
121.31.103.192,8123
123.55.184.207,808
223.241.118.183,8010
183.52.150.30,61234
115.221.125.221,23707
223.241.116.163,8010
113.93.18.170,46350
121.40.65.178,8080
183.52.150.88,61234
121.31.100.226,8123
120.33.247.54,32960
123.14.101.169,8118
183.52.150.253,61234
117.83.116.237,25427
60.168.207.208,8010
122.237.107.21,80
175.8.19.115,8118
125.112.206.45,23236
120.40.135.232,31026
124.228.239.224,3128
182.41.3.50,8118
123.152.76.246,8118
115.215.209.190,8118
27.40.128.56,61234
223.241.119.216,8010
125.113.252.204,49706
183.158.109.247,8888
110.73.50.102,8123
121.31.145.224,8123
60.169.219.139,20907
1.196.7.191,26153
114.231.115.143,46699
180.113.244.154,8123
114.226.166.231,49002
222.85.39.140,808
60.175.213.241,46279
120.40.133.89,40084
223.241.118.26,8010
114.252.167.226,8118
120.42.123.173,26244
120.33.247.7,42529
180.213.194.249,8123
223.241.116.174,8010
112.64.38.148,8118
60.179.43.76,28255
180.118.242.223,808
223.241.78.243,8010
115.46.76.5,8123
223.241.116.45,8118
110.73.0.89,8123
223.241.119.148,8010
182.42.47.169,46295
220.162.155.119,32335
113.128.11.92,29635
27.184.212.48,8118
223.241.116.113,8010
223.241.78.180,8010
223.241.116.19,8010
223.241.119.20,8010
116.231.33.175,8118
49.85.9.159,25235
110.72.30.44,8123
223.241.118.179,8010
114.230.127.17,21101
122.4.42.240,40587
117.62.169.177,33246
115.46.76.216,8123
39.88.41.99,8118
49.64.134.134,30545
222.85.50.31,808
125.126.170.77,28608
115.46.98.65,8123
180.212.140.57,8118
113.121.183.127,49956
120.40.132.29,49762
222.71.90.233,26022
223.243.176.211,38132
219.138.58.99,3128
121.31.155.98,8123
115.46.74.193,8123
60.177.137.35,8888
110.73.10.51,8123
223.241.118.119,8010
113.67.183.196,8118
223.241.117.140,8010
27.157.131.190,31215
49.87.146.121,34865
120.43.62.254,36876
223.241.116.222,8010
110.189.207.207,29572
125.105.104.11,3128
175.8.85.61,8118
49.85.1.128,45709
219.138.58.22,3128
223.241.116.252,8010
180.118.243.35,61234
183.52.150.75,61234
220.166.240.165,8118
27.40.150.100,61234
183.52.150.26,61234
223.241.119.164,8010
121.31.158.224,8123
121.31.176.127,8123
219.138.58.156,3128
113.120.60.221,36110
117.87.117.83,8123
122.4.47.236,35553
180.155.136.22,43761
49.85.15.58,27344
123.185.129.149,8118
113.124.217.14,48613
111.72.107.70,46746
223.241.79.99,8010
115.46.96.58,8123
49.85.11.106,29768
223.241.119.75,8010
223.241.118.13,8010
112.114.95.162,8118
113.77.101.21,3128
123.152.77.78,8118
117.43.1.56,808
223.241.78.124,8010
114.95.119.164,8118
59.32.37.244,3128
113.121.23.140,45273
117.71.134.56,61234
112.114.92.5,8118
111.192.175.214,8118
223.241.79.82,8010
117.28.162.136,37912
123.55.91.41,44941
59.51.123.233,3128
182.240.20.114,8118
110.72.23.161,8123
223.241.117.128,8010
183.52.150.82,61234
117.28.160.104,36331
1.194.152.137,31504
223.241.119.41,8010
219.138.58.8,3128
110.73.9.238,8123
120.39.116.216,26525
14.211.116.16,9999
123.185.130.249,8118
110.73.5.226,8123
118.254.153.125,3128
110.73.55.241,8123
110.90.131.167,33567
183.129.44.213,8118
223.241.118.229,8010
36.99.206.241,808
27.153.128.225,22167
61.178.238.122,63000
59.58.241.16,32744
223.241.118.47,8010
123.55.191.121,29855
110.73.50.113,8123
49.85.14.156,42239
27.156.151.89,20624
180.118.241.123,808
112.114.93.172,8118
223.241.117.80,8010
223.241.119.197,8010
112.114.94.57,8118
223.241.119.124,8010
49.85.12.83,28032
113.242.130.174,8123
121.41.9.135,8123
110.73.1.177,8123
117.26.186.167,28095
49.87.147.110,45594
49.85.0.49,39352
110.73.40.4,8123
110.72.36.58,8123
219.138.58.215,3128
223.241.118.144,8010
110.73.8.98,8123
223.241.116.172,8010
124.237.129.231,9999
123.14.111.123,8118
182.38.126.52,808
121.205.254.234,808
112.81.207.88,8118
59.32.37.129,3128
223.241.117.74,8010
113.222.81.117,808
49.85.5.155,40574
114.230.217.187,20939
27.40.156.151,61234
27.40.153.61,61234
49.86.239.73,8123
219.138.58.117,3128
27.40.157.219,61234
117.95.200.92,32055
115.217.253.65,33521
113.86.220.178,3128
183.172.233.102,8118
180.112.36.16,43987
113.128.27.32,43840
117.82.241.152,32855
220.162.21.36,39302
125.126.160.230,31154
171.12.132.249,32514
114.230.41.7,3128
110.73.42.184,8123
118.254.152.46,3128
121.31.100.157,8123
110.88.62.12,8118
223.241.118.210,8010
117.95.83.230,20031
114.230.233.26,34430
183.148.70.147,32456
112.114.95.160,8118
222.182.53.165,8118
218.4.216.159,32682
117.66.214.51,30286
182.88.215.4,8123
115.46.64.163,8123
182.34.36.146,39970
125.112.198.43,24083
222.76.187.130,8118
110.73.31.64,8123
121.31.159.128,8123
121.31.157.241,8123
182.88.184.250,8123
182.88.88.134,8123
219.138.58.121,3128
118.31.228.210,8123
113.222.81.44,808
118.31.228.210,8123
223.241.78.237,8010
113.121.39.203,45655
120.42.123.166,29844
114.249.43.86,8118
113.121.241.41,40261
180.119.65.171,808
123.162.200.97,41218
59.57.29.2,23024
110.90.134.47,49040
123.161.237.113,22352
219.138.58.71,3128
223.241.118.225,8010
49.85.4.142,46634
110.72.32.251,8123
171.38.69.76,8123
183.48.90.131,8118
115.215.209.3,8118
110.73.4.183,8123
118.254.152.45,3128
122.237.240.233,34812
180.102.188.203,37328
171.38.42.97,8123
49.64.35.2,31108
27.40.132.108,61234
1.195.10.116,42194
171.38.41.162,8123
219.138.58.177,3128
222.76.187.181,8118
113.121.169.31,21796
1.196.7.139,48757
27.40.141.55,61234
113.128.8.213,36858
110.88.247.200,32352
49.81.18.48,21948
180.114.174.137,40275
121.31.138.181,8123
101.65.131.140,8118
101.205.82.80,808
180.110.166.26,8118
123.54.237.51,45895
182.100.237.39,46206
222.71.93.168,30977
49.79.58.11,31398
223.241.117.85,8010
27.40.159.115,61234
219.138.58.110,3128
223.241.119.71,8010
110.85.89.118,28345
113.120.60.62,45446
222.85.50.58,808
113.121.42.48,808
180.121.164.95,24325
110.88.60.67,8118
121.31.102.48,8123
220.162.155.89,32376
144.123.70.226,39473
123.114.60.140,8118
222.76.187.177,8118
27.40.151.130,61234
27.40.144.166,61234
115.193.234.120,8123
115.55.178.199,8118
144.0.102.75,8888
123.54.228.30,20953
110.86.98.192,32992
180.121.134.237,808
219.138.58.139,3128
115.213.253.225,808
58.56.149.198,53281
223.241.78.206,8010
49.81.18.36,42232
223.241.118.245,8010
1.199.193.74,28300
27.40.142.217,61234
123.55.3.68,808
180.118.243.252,808
119.29.194.163,8118
27.40.145.35,61234
182.88.184.216,8123
223.241.117.64,8010
27.40.153.204,61234
182.38.77.70,808
60.214.155.243,53281
27.40.149.220,61234
121.226.161.188,45654
113.124.226.189,24473
219.138.58.93,3128
60.175.213.236,23382
1.195.11.169,23639
123.55.2.67,39982
117.88.246.73,29599
121.206.88.69,48103
125.81.188.199,8123
182.91.234.155,8118
112.114.93.114,8118
27.153.128.8,48151
115.225.159.12,3128
182.88.163.44,8123
110.84.176.29,8118
27.40.151.175,61234
115.194.160.178,8118
121.31.177.185,8123
171.38.85.195,8123
