{"link": "http://www.cnblogs.com/rwxwsblog/p/4535014.html", "title": "YY博客园UML时序图之博客模块", "listUrl": "http://www.cnblogs.com/rwxwsblog/default.html?page=2", "desc": "摘要: UML建模YY系列： YY博客园UML类图之博客模块 YY博客园UML时序图之博客模块 YY博客园UML用例图-活动图-状态图之博客模块 UML建模中，描述一个事物要从其静态方面描述，也要从其动态方面描述。昨天的YY博客园UML类图之博客模块就是从静态方面的描述，那么今天从动..."}
{"link": "http://www.cnblogs.com/rwxwsblog/p/4533086.html", "title": "YY博客园UML类图之博客模块", "listUrl": "http://www.cnblogs.com/rwxwsblog/default.html?page=2", "desc": "摘要: UML建模YY系列： YY博客园UML类图之博客模块 YY博客园UML时序图之博客模块 YY博客园UML用例图-活动图-状态图之博客模块 UML几年前就接触过了，那是的学习也可为不求甚解。只知道UML是个建模的，画画图；类图、用例图、时序图和活动图神马的；学了也就学了，一直没..."}
{"link": "http://www.cnblogs.com/rwxwsblog/p/4530633.html", "title": "【转】Kettle集群", "listUrl": "http://www.cnblogs.com/rwxwsblog/default.html?page=2", "desc": "摘要: 本文转自：http://blog.csdn.net/dqswuyundong/article/details/5952009Kettle集群Kettle是一款开源的ETL工具，以其高效和可扩展性而闻名于业内。其高效的一个重要原因就是其多线程和集群功能。Kettle的多线程采用的是一种流水线并发的机制..."}
{"link": "http://www.cnblogs.com/rwxwsblog/p/4530497.html", "title": "kettle job如何利用java的反射机制获取执行的sql语句", "listUrl": "http://www.cnblogs.com/rwxwsblog/default.html?page=2", "desc": "摘要: kettle job中的JavaScript如何获取同一个job中SQL步骤的执行语句并让执行语句记录在日志中呢？首先写日志需要用到job中JavaScript写日志的方法，其次是利用java反射机制获取执行的sql。如：var sqlObj = getJobStep(\"SQL\");var sql ..."}
{"link": "http://www.cnblogs.com/rwxwsblog/p/4530060.html", "title": "kettle job通过javascript进行循环控制", "listUrl": "http://www.cnblogs.com/rwxwsblog/default.html?page=2", "desc": "摘要: 任何一种编程语言都少不了循环，kettle中的job也一样。那么kettle中的job是怎么通过JavaScript来达到类似于编程语言中的for循环呢？var max = parent_job.getVariable(\"MAXCOUNT\");var current = parent_job.get..."}
{"link": "http://www.cnblogs.com/rwxwsblog/p/4529957.html", "title": "kettle作业中的js如何写日志文件", "listUrl": "http://www.cnblogs.com/rwxwsblog/default.html?page=2", "desc": "摘要: 在kettle作业中JavaScript脚本有时候也扮演非常重要的角色，此时我们希望有一些日志记录。下面是job中JavaScript记录日志的方式。job的js写日志的方法。得到日志输出实例org.pentaho.di.core.logging.LogWriter.getInstance();按照..."}
{"link": "http://www.cnblogs.com/rwxwsblog/p/4529120.html", "title": "kettle转换JavaScript获取命令行参数", "listUrl": "http://www.cnblogs.com/rwxwsblog/default.html?page=2", "desc": "摘要: 日常开发中由于很多参数是变化的，需要在部署时才能确定。而写在配置文件里又显得很笨重，因而可以运行时实时指定。那么kettle是怎么获取命令行中的参数的呢？kettle可以通过转换里的JavaScript获取变量_step_.getTransMeta().getArguments()[0];"}
{"link": "http://www.cnblogs.com/rwxwsblog/p/4529102.html", "title": "kettle转换JavaScript加载外部js文件", "listUrl": "http://www.cnblogs.com/rwxwsblog/default.html?page=2", "desc": "摘要: 日常开发中，时常会出现这样一种情况。有大量的函数是通用的。而每个JavaScript里面写一遍，给维护带来很大的困扰。因而需要将公共的函数写在外部js文件中。这时就需要引入外部的公共文件了。下面是在转换里的JavaScript组件中引入外部公共js文件。//加载js文件LoadScriptFile(..."}
{"link": "http://www.cnblogs.com/rwxwsblog/p/4529078.html", "title": "使用kettle转换中的JavaScript对密码进行加密和解密", "listUrl": "http://www.cnblogs.com/rwxwsblog/default.html?page=2", "desc": "摘要: 日常开发中，为了确保账号和密码的安全，时常要对密码进行加密和解密。然而kettle是怎么对密码进行加密和解密的呢？下面的代码需要再转换中的JavaScript中运行。var encrypted_password = 'not encrypted';加密（js中调用）：encrypted_passwo..."}
{"link": "http://www.cnblogs.com/rwxwsblog/p/4529062.html", "title": "解决kettle配置文件中的中文乱码", "listUrl": "http://www.cnblogs.com/rwxwsblog/default.html?page=2", "desc": "摘要: 在日常开发中有时候配置文件会出现中文（如config.properties 里有中文），为了避免出现乱码，因而要转成unicode编码。1、在设置变量的javascript（转换中的JavaScript）中进行编码转换。（推荐使用此方式）if(!Value.isNull()){ var valu..."}
{"link": "http://www.cnblogs.com/rwxwsblog/p/4490951.html", "title": "php在没用xdebug等调试工具的情况下如何让调试内容优雅地展现出来？--php数组格式化", "listUrl": "http://www.cnblogs.com/rwxwsblog/default.html?page=7", "desc": "摘要: php在没有采用xdebug进行调试的时候，用var_dump打印出来的数组总感觉是一坨坨shit。打印出来数组元素的内容既不美观也看不出数组的结构，再加之代码洁癖的原因。网上找了一下，随之调试的数组内容就优雅地展现在你面前了。不再是一坨坨恶心的shit。"}
{"link": "http://www.cnblogs.com/rwxwsblog/p/4490530.html", "title": "利用chrome插件批量读取浏览器页面内容并写入数据库", "listUrl": "http://www.cnblogs.com/rwxwsblog/default.html?page=7", "desc": "摘要: 试想一下，如果每天要收集100页网页数据甚至更多。如果采用人工收集会吐血，用程序去收集也就成为一个不二的选择。首先肯定会想到说用java、php、C#等高级语言，但这偏偏又有个登陆和验证码，搞到无所适从。还在为收集web端的数据感到苦恼吗？你找对地方了。"}
{"link": "http://www.cnblogs.com/rwxwsblog/p/4488610.html", "title": "linux自动定时备份web程序和mysql数据库", "listUrl": "http://www.cnblogs.com/rwxwsblog/default.html?page=7", "desc": "摘要: 前些天受朋友说linux定时备份不知道怎么搞，叫帮忙处理一下。由于这段时间正闲着，所以也就欣然答应。由于朋友对linux不懂也希望我将操作的过程记录下来，也就是越详细越好。所以写得比较$%^&*。本以为半个小时或者一个小时可以搞好，谁不知整整搞了一天。原因在哪呢？这里也顺便吐槽一下，首先问web..."}
{"link": "http://www.cnblogs.com/rwxwsblog/p/4488396.html", "title": "linux下用cronolog分割apache日志", "listUrl": "http://www.cnblogs.com/rwxwsblog/default.html?page=7", "desc": "摘要: linux下用cronolog分割apache日志，大神莫拍砖，菜鸟留一记录，小白请默默转载。连linux登陆和vi编辑都不会的，请默默关闭此页面。入正题说明：淡绿色底的为linux命令，其他的为备注说明。下载cronologwget \"http://download.chinaunix.net/d..."}
{"link": "http://www.cnblogs.com/rwxwsblog/p/4486260.html", "title": "写在前面--点燃酱爆心中的那团火", "listUrl": "http://www.cnblogs.com/rwxwsblog/default.html?page=7", "desc": "摘要: 感谢在浩瀚互联网世界里，游历至此的您！有缘千里来相会，文字的相会，博客的会见。缘分？猿粪？曾几何时一直想经营一个自己的博客。记录自己的心绪，分享自己的技术，反思自己的行为，局促自己的成长。这个想法在脑海里不知道辗转和浮现了多少遍，然后又被自己的懒惰一次次无情地抛下。如此的反复而始终没有进展，积攒..."}
{"link": "http://www.cnblogs.com/rwxwsblog/p/4505934.html", "title": "Linux压缩和解压汇总", "listUrl": "http://www.cnblogs.com/rwxwsblog/default.html?page=5", "desc": "摘要: 各种后缀的压缩包压缩方法和解压方法压缩包压缩解压.tar.gz和.tgztar -czf jpg.tar.gz *.jpgtar -xzvf filename -C path.tar.bz2tar -cjf jpg.tar.bz2 *.jpgtar -xjvf filename -C path.ta..."}
{"link": "http://www.cnblogs.com/rwxwsblog/p/4542417.html", "title": "[置顶]mysql主从复制实现数据库同步", "listUrl": "http://www.cnblogs.com/rwxwsblog/default.html?page=1", "desc": "摘要: mysql主从复制相信已经用得很多了，但是由于工作原因一直没怎么用过。趁着这段时间相对空闲，也就自己实现一遍。尽管互联网上已有大把类似的文章，但是自身实现的仍然值得记录。环境:主服务器:centos 6.0 mysql 5.1.67-log IP:192.168.0.107从服务器:centos..."}
{"link": "http://www.cnblogs.com/rwxwsblog/p/4505884.html", "title": "windows下bat批处理实现守护进程", "listUrl": "http://www.cnblogs.com/rwxwsblog/default.html?page=5", "desc": "摘要: 本文转自网络，由于找不到原作者，因而无法知道出处。如果有幸让原作者看到，请联系我加上。先转载至此。最近几天加班加疯掉了，天天晚上没法睡。开发部的一个核心程序总是会自己宕机，然后需要手工去起，而这个服务的安全级别又很高，只有我可以操作，搞得我晚上老没法睡，昨晚实在受不了了，想起以前在hp-ux下写的s..."}
{"link": "http://www.cnblogs.com/rwxwsblog/p/4505875.html", "title": "windows2003批量添加和导出所有ip", "listUrl": "http://www.cnblogs.com/rwxwsblog/default.html?page=5", "desc": "摘要: 批量添加IP在cmd命令行下运行：FOR /L %i IN (130,1,190) DO netsh interface ip add address \"本地连接\" 192.168.1.%i 255.255.255.192往“本地连接”中添加“192.168.1.130~192.168.1.190”..."}
{"link": "http://www.cnblogs.com/rwxwsblog/p/4505863.html", "title": "bat批量去除文件首行和合并到文件", "listUrl": "http://www.cnblogs.com/rwxwsblog/default.html?page=5", "desc": "摘要: bat批量去除文件首行set n=1:starlinefor %%j in (*.txt) do (:3if exist D:\\work\\test\\new_%n%.txt (set /a n+=1&goto 3)set file=%n%.txtfor /f \"skip=1 delims=\" %%i ..."}
{"link": "http://www.cnblogs.com/rwxwsblog/p/4505855.html", "title": "windows下批量删除文件", "listUrl": "http://www.cnblogs.com/rwxwsblog/default.html?page=5", "desc": "摘要: FORFILES /P d:\\www /D -7 /S /M ex*.log /C \"cmd /c del @path\"删除d:\\www目录下7天前ex*.log的所有文件例子：D:\\test>FORFILES /D -30 /S /M *jpg /C \"cmd /c echo @path 0x09..."}
{"link": "http://www.cnblogs.com/rwxwsblog/p/4505847.html", "title": "windows添加和删除服务", "listUrl": "http://www.cnblogs.com/rwxwsblog/default.html?page=5", "desc": "摘要: 删除系统服务，记得一定要小心用。避免删错sc delete 服务名加入服务: sc create 服务名 binPath= 路径 start= auto"}
{"link": "http://www.cnblogs.com/rwxwsblog/p/4505842.html", "title": "【转】自动实时监控Windows2003服务器终端登录并发邮件和发短信通知", "listUrl": "http://www.cnblogs.com/rwxwsblog/default.html?page=5", "desc": "摘要: 记得以前管理的一批windows服务器，一些开源程序做的web站点总会遭到入侵。然而就想找找看有没有办法可以知道服务器有没有被入侵。服务器在什么时候登陆过，如果登陆马上发邮件通知，感觉这种问题肯定有人处理过，于是网上搜罗了一下。转载至此，至于是哪个地方转载过来的已经无从跟踪。朋友一台Windows服..."}
{"link": "http://www.cnblogs.com/rwxwsblog/p/4505786.html", "title": "设置windows网络连接别名和linux网络连接别名", "listUrl": "http://www.cnblogs.com/rwxwsblog/default.html?page=5", "desc": "摘要: windows网络连接别名C:\\Windows\\System32\\drivers\\etc目录下的hosts文件中添加127.0.0.1 localhost192.168.1.100 proxy.zj.chinamobile.comlinux网络连接别名/etc/hosts# Do not remov..."}
{"link": "http://www.cnblogs.com/rwxwsblog/p/4505574.html", "title": "我常用的crontab命令", "listUrl": "http://www.cnblogs.com/rwxwsblog/default.html?page=5", "desc": "摘要: 命令简介crontab-操作每个用户的守护程序和该执行的时间表。部分参数说明crontab file [-u user]-用指定的文件替代目前的crontab。crontab-[-u user]-用标准输入替代目前的crontab.crontab-1[user]-列出用户目前的crontab.cro..."}
{"link": "http://www.cnblogs.com/rwxwsblog/p/4505449.html", "title": "【转】如何调试bash脚本", "listUrl": "http://www.cnblogs.com/rwxwsblog/default.html?page=5", "desc": "摘要: 本文转自：http://coolshell.cn/articles/1379.htmlBash是Linux操作系统的默认Shell脚本。Shell是用来处理操作系统和用户交互的一个程序。Shell的脚本可以帮助用户自动化地和操作系统进行交互。你也可以理解为一种脚本式的编程。即然有编程，那么，程序的编..."}
{"link": "http://www.cnblogs.com/rwxwsblog/p/4502348.html", "title": "[置顶]我常用的那些linux命令", "listUrl": "http://www.cnblogs.com/rwxwsblog/default.html?page=1", "desc": "摘要: 我常用的那些linux命令 用linux也有些年头了，说来也忏愧，说是有些年头了，其实也还是个不长进的主。记得第一次接触linux是boss跟我说的怎么操作，什么编辑模式，按i，a，o进入编辑模式。在一个黑乎乎的窗口下不知道怎么胡乱编辑一通。那时的我说来也真是初生牛犊不怕虎呀，对linux一窍不通..."}
{"link": "http://www.cnblogs.com/rwxwsblog/p/4490530.html", "title": "[置顶]利用chrome插件批量读取浏览器页面内容并写入数据库", "listUrl": "http://www.cnblogs.com/rwxwsblog/default.html?page=1", "desc": "摘要: 试想一下，如果每天要收集100页网页数据甚至更多。如果采用人工收集会吐血，用程序去收集也就成为一个不二的选择。首先肯定会想到说用java、php、C#等高级语言，但这偏偏又有个登陆和验证码，搞到无所适从。还在为收集web端的数据感到苦恼吗？你找对地方了。"}
{"link": "http://www.cnblogs.com/rwxwsblog/p/4566214.html", "title": "python将json格式的数据转换成文本格式的数据或sql文件", "listUrl": "http://www.cnblogs.com/rwxwsblog/default.html?page=1", "desc": "摘要: python如何将json格式的数据快速的转化成指定格式的数据呢？或者转换成sql文件？下面的例子是将json格式的数据准换成以#_#分割的文本数据，也可用于生成sql文件。#-*- coding: UTF-8 -*-import jsondata = []with open('./tencent_..."}
{"link": "http://www.cnblogs.com/rwxwsblog/p/4564216.html", "title": "shell脚本去重的几种方法", "listUrl": "http://www.cnblogs.com/rwxwsblog/default.html?page=1", "desc": "摘要: 测试文件[root@bogon ~]# cat >testjasonjasonjasonfffff按 Ctr + D保存1、sort -u[root@bogon ~]# sort -u testfffffjason2、uniq[root@bogon ~]# uniq testjasonfffffja..."}
{"link": "http://www.cnblogs.com/rwxwsblog/p/4557123.html", "title": "安装python爬虫scrapy踩过的那些坑和编程外的思考", "listUrl": "http://www.cnblogs.com/rwxwsblog/default.html?page=1", "desc": "摘要: 这些天应朋友的要求抓取某个论坛帖子的信息，网上搜索了一下开源的爬虫资料，看了许多对于开源爬虫的比较发现开源爬虫scrapy比较好用。但是以前一直用的java和php，对python不熟悉，于是花一天时间粗略了解了一遍python的基础知识。然后就开干了，没想到的配置一个运行环境就花了我一天时间。..."}
{"link": "http://www.cnblogs.com/rwxwsblog/p/4549303.html", "title": "【转】如何调试bash脚本", "listUrl": "http://www.cnblogs.com/rwxwsblog/default.html?page=1", "desc": "摘要: 本文转载自：http://coolshell.cn/articles/1379.htmlBash是Linux操作系统的默认Shell脚本。Shell是用来处理操作系统和用户交互的一个程序。Shell的脚本可以帮助用户自动化地和操作系统进行交互。你也可以理解为一种脚本式的编程。即然有编程，那么，程序的..."}
{"link": "http://www.cnblogs.com/rwxwsblog/p/4549292.html", "title": "【转】Linux Shell脚本调试技术", "listUrl": "http://www.cnblogs.com/rwxwsblog/default.html?page=1", "desc": "摘要: 本文转载自：https://www.ibm.com/developerworks/cn/linux/l-cn-shell-debug/Shell脚本调试技术本文全面系统地介绍了shell脚本调试技术，包括使用echo, tee, trap等命令输出关键信息，跟踪变量的值，在脚本中植入调试钩子，使用“..."}
{"link": "http://www.cnblogs.com/rwxwsblog/p/4547589.html", "title": "Linux shell脚本编程基础之练习篇", "listUrl": "http://www.cnblogs.com/rwxwsblog/default.html?page=1", "desc": "摘要: shell脚本编程基础之练习篇。1、编写一个脚本使我们在写一个脚本时自动生成”#!/bin/bash”这一行和注释信息。#!/bin/bashif [ $# -ne 1 ]then echo \"请输入一个参数\" exitelse echo \"参数正确\" ..."}
{"link": "http://www.cnblogs.com/rwxwsblog/p/4545873.html", "title": "sybaseIQ索引类型和使用注意事项", "listUrl": "http://www.cnblogs.com/rwxwsblog/default.html?page=1", "desc": "摘要: 1、 FP（Fast Projection）此索引为默认的索引形式，在创建表时系统自动设置此索引。 特点：用于SELECT、LIKE '%sys%'、SUM（A+B）、JOIN操作等语句。 此类型索引也是唯一可用于BIT数据类型的索引。 FP索引可以优化索引，将小于255的唯一值的索引压缩到1..."}
{"link": "http://www.cnblogs.com/rwxwsblog/p/4545818.html", "title": "kettle使用log4j管理输出日志", "listUrl": "http://www.cnblogs.com/rwxwsblog/default.html?page=1", "desc": "摘要: 在使用kettle进行数据分析和清洗时日志非常多而且杂乱，使用原有的日志有时找不到异常的位置，有时日志不够详细，说简单一点就是日志不是我们想要的。因而对kettle日志进行相应的管理就想得尤为重要了。大家都知道java最常用的日志管理包log4j可以很好地实现java日志的管理，然而kettle..."}
{"link": "http://www.cnblogs.com/rwxwsblog/p/4542417.html", "title": "mysql主从复制实现数据库同步", "listUrl": "http://www.cnblogs.com/rwxwsblog/default.html?page=1", "desc": "摘要: mysql主从复制相信已经用得很多了，但是由于工作原因一直没怎么用过。趁着这段时间相对空闲，也就自己实现一遍。尽管互联网上已有大把类似的文章，但是自身实现的仍然值得记录。环境:主服务器:centos 6.0 mysql 5.1.67-log IP:192.168.0.107从服务器:centos..."}
{"link": "http://www.cnblogs.com/rwxwsblog/p/4536592.html", "title": "YY博客园UML用例图-活动图-状态图之博客模块", "listUrl": "http://www.cnblogs.com/rwxwsblog/default.html?page=1", "desc": "摘要: UML建模YY系列： YY博客园UML类图之博客模块 YY博客园UML时序图之博客模块 YY博客园UML用例图-活动图-状态图之博客模块 前面YY了博客园UML类图之博客模块和博客园UML时序图之博客模块，这次把剩下常用的用例图、状态图和活动图一起给完成了。至于其他不常用的对..."}
{"link": "http://www.cnblogs.com/rwxwsblog/p/4529026.html", "title": "【转】kettle 的内存设置及输出日志的时间类型", "listUrl": "http://www.cnblogs.com/rwxwsblog/default.html?page=3", "desc": "摘要: 本文转载自：http://blog.csdn.net/dqswuyundong/archive/2010/10/19/5952004.aspx设置kettle的内存REM ****************************************************************..."}
{"link": "http://www.cnblogs.com/rwxwsblog/p/4529010.html", "title": "如何在命令行下运行kettle的作业（job）和转换（transform）", "listUrl": "http://www.cnblogs.com/rwxwsblog/default.html?page=3", "desc": "摘要: pan 是执行转换的。Pan.bat /file C:\\test.ktr /logfile c:\\log.txt /level Basickitchen是执行job的。kitchen.bat /file C:\\test.kjb /logfile c:\\log.txt /level Basic更多资料..."}
{"link": "http://www.cnblogs.com/rwxwsblog/p/4528764.html", "title": "kettle与各数据库建立链接的链接字符串", "listUrl": "http://www.cnblogs.com/rwxwsblog/default.html?page=3", "desc": "摘要: kettle与各数据库建立链接的链接字符串Sybase：TO_DB_URL = jdbc:sybase:Tds:192.168.168.163:5000/testdb?charset=eucgb&jconnect_version=6TO_DB_DRIVER = com.sybase.jdbc3.jd..."}
{"link": "http://www.cnblogs.com/rwxwsblog/p/4528577.html", "title": "【转】利用optimize、存储过程和系统表对mysql数据库表进行批量碎片清理释放表空间", "listUrl": "http://www.cnblogs.com/rwxwsblog/default.html?page=3", "desc": "摘要: 本文收集于本人的笔记本，由于找不到原文出处。在此省略，如哪位知道可以联系我加上。核心是利用mysql系统表和“optimize table 表名”命令，对mysql数据表进行空间的释放。由于delete和drop table都不会释放表空间（truncate 命令会释放表空间【将所有的数据都删除】）..."}
{"link": "http://www.cnblogs.com/rwxwsblog/p/4528533.html", "title": "MySQL自带information_schema数据库使用", "listUrl": "http://www.cnblogs.com/rwxwsblog/default.html?page=3", "desc": "摘要: MySQL的information_schema数据库是什么，有什么作用？ 大家在安装或使用MYSQL时，会发现除了自己安装的数据库以外，还有一个 information_schema数据库。information_schema数据库是做什么用的呢，使用WordPress博客的朋友可能会想，是..."}
{"link": "http://www.cnblogs.com/rwxwsblog/p/4527718.html", "title": "MySQL数据库备份和还原的常用命令", "listUrl": "http://www.cnblogs.com/rwxwsblog/default.html?page=3", "desc": "摘要: 其实很多情况下mysql备份就是采用了这些命令，例如：mysql导入和导出数据linux自动定时备份web程序和mysql数据库备份MySQL数据库的命令mysqldump -hhostname -uusername -ppassword databasename > backupfile.sql备..."}
{"link": "http://www.cnblogs.com/rwxwsblog/p/4525085.html", "title": "windows下如何对mysql进行整裤备份", "listUrl": "http://www.cnblogs.com/rwxwsblog/default.html?page=3", "desc": "摘要: 通常情况下备份一个数据库，直接单裤备份即可，更完善一点的会要求做到定时单裤备份。然而很多时候又由于裤实例是在太多，这样会导致备份非常耗时，因而有时候需要对整个数据库应用进行备份。那么在windows下如何做到对整个应用做定时备份呢？1、批处理备份脚本（注意修改脚本里面的变量）@echo off & ..."}
{"link": "http://www.cnblogs.com/rwxwsblog/p/4525045.html", "title": "mysql导入和导出数据", "listUrl": "http://www.cnblogs.com/rwxwsblog/default.html?page=3", "desc": "摘要: Linux下如何单个库进行导入和备份操作1、将数据导入数据库mysql -u账号 -p密码 数据库脚本路径mysqldump -uroot -proot test| gzip >/data/htmlbak/test_db_$(date +%Y%m%d).sql.gzwindows下如何单个库进行导入..."}
{"link": "http://www.cnblogs.com/rwxwsblog/p/4525013.html", "title": "【转】mysql忘记root密码的解决方法", "listUrl": "http://www.cnblogs.com/rwxwsblog/default.html?page=3", "desc": "摘要: 本文收集于本人的笔记本，由于找不到原文出处。在此省略，如哪位知道可以联系我加上。方法一:在windows下：1.打开命令行(DOS)窗口，停止mysql服务：net stop mysql2.在DOS下面进入mysql的安装路径下的 bin目录，如 D:\\mysql\\bin3. 输入并执行命令:mys..."}
{"link": "http://www.cnblogs.com/rwxwsblog/p/4524930.html", "title": "windows和linux下mysql的重启命令", "listUrl": "http://www.cnblogs.com/rwxwsblog/default.html?page=3", "desc": "摘要: 在 Windows 下：开始->运行->cmd启动：net start mysql停止：net stop mysql无重启，必须先停止再启动！！！在LINUX 下：启动：/etc/rc.d/init.d/mysqld start停止：/etc/rc.d/init.d/mysqld stop重启：/e..."}
{"link": "http://www.cnblogs.com/rwxwsblog/p/4512061.html", "title": "mysql update case when和where之间的注意事项", "listUrl": "http://www.cnblogs.com/rwxwsblog/default.html?page=4", "desc": "摘要: 在日常开发中由于业务逻辑较为复杂，常常需要用到UPDATE和CASE...WHEN...THEN...ELSE...END一起做一些复杂的更新。有时候因为对这几个字句理解得不透彻会带来很大的困扰。因此对UPDATE和CASE WHEN结构的特性做进一步的测试。 CASE WHEN的两种写法:　..."}
{"link": "http://www.cnblogs.com/rwxwsblog/p/4508494.html", "title": "java常用算法", "listUrl": "http://www.cnblogs.com/rwxwsblog/default.html?page=4", "desc": "摘要: 冒泡排序： //降序 public static int[] bubbleSort(int[] array){ for(int i = 0; i = 0; j--){ int temp = array[j]; if..."}
{"link": "http://www.cnblogs.com/rwxwsblog/p/4507576.html", "title": "我常用的grep命令", "listUrl": "http://www.cnblogs.com/rwxwsblog/default.html?page=4", "desc": "摘要: 查找包含某个字符的行并保存在文件grep -rn 'test' ./*.sql >test.sql-r是递归查找-n是显示行号在当前目录下的.sql结尾的文件中查找包含 test 字符的行并保存在test.sql文件中。"}
{"link": "http://www.cnblogs.com/rwxwsblog/p/4507425.html", "title": "【转】SQL删除重复记录,只保留其中一条", "listUrl": "http://www.cnblogs.com/rwxwsblog/default.html?page=4", "desc": "摘要: SQL：删除重复数据，只保留一条用SQL语句,删除掉重复项只保留一条在几千条记录里,存在着些相同的记录,如何能用SQL语句,删除掉重复的呢1、查找表中多余的重复记录，重复记录是根据单个字段（peopleId）来判断 select * from people where peopleId in (se..."}
{"link": "http://www.cnblogs.com/rwxwsblog/p/4507389.html", "title": "那些臭名昭著的sql", "listUrl": "http://www.cnblogs.com/rwxwsblog/default.html?page=4", "desc": "摘要: 两个或多个表关联，没写where条件，大量的笛卡尔值，严重时会导致数据库有问题。select * from a, b left join c on b.id = c.id left join d on c.id = d.id多表关联查询，where条件使用各种函数，导致索引无效。数据量如果打起来以后..."}
{"link": "http://www.cnblogs.com/rwxwsblog/p/4506629.html", "title": "Select Top在不同数据库中的使用", "listUrl": "http://www.cnblogs.com/rwxwsblog/default.html?page=4", "desc": "摘要: 1. oracle数据库SELECT * FROM TABLE1 WHERE ROWNUM<=N2. Infomix数据库SELECT FIRST N * FROM TABLE13. DB2数据库SELECT * ROW_NUMBER() OVER(ORDER BY COL1 DESC) AS RO..."}
{"link": "http://www.cnblogs.com/rwxwsblog/p/4506603.html", "title": "Sybase IQ导出文件的几种方式", "listUrl": "http://www.cnblogs.com/rwxwsblog/default.html?page=4", "desc": "摘要: IQ有四种方法，将表的数据导出为文本文件：1、重定向 SELECT * FROM TABLE1 ># D:MYDATATABLE1.TXT -- 文件生成在执行语句的客户端上2、通过选项导出SET TEMPORARY OPTION Temp_Extract_Name1 = '/data/mydata..."}
{"link": "http://www.cnblogs.com/rwxwsblog/p/4506562.html", "title": "Sybase IQ如何将大文件数据迅速加载到数据库", "listUrl": "http://www.cnblogs.com/rwxwsblog/default.html?page=4", "desc": "摘要: 试想一下，如果一个文件5G、10G甚至更大。如何将它迅速地加载到数据库指定的表呢？我们看看Sybase IQ是如何迅速地将表的数据加载到数据库的。数据文件格式：1440,2011-01-09 00:00:00,1,珠海,1,C网,8612345678222,221943,1,12175,1,12..."}
{"link": "http://www.cnblogs.com/rwxwsblog/p/4506016.html", "title": "oracle、mysql、sybase和sqlserver复制表结构和数据", "listUrl": "http://www.cnblogs.com/rwxwsblog/default.html?page=4", "desc": "摘要: Sql Server(sybase)：1．复制表结构：新建表student2，并且结构同表syn_xj_student一致。Sql语句如下：select * into syn_xj_student2 from syn_xj_student where 1=22．复制表数据，并排除俩表中相同的数据：i..."}
{"link": "http://www.cnblogs.com/rwxwsblog/p/4505949.html", "title": "我常用的find命令", "listUrl": "http://www.cnblogs.com/rwxwsblog/default.html?page=4", "desc": "摘要: 查找某种类型文件中包含特定字符的文件find /* -type f -name \"*.php\" |xargs grep \"rename(\"Linux下find一次查找多个指定文件或者排除某类文件，在 GREP 中匹配多个关键字的方法（1）Linux下find一次查找多个指定文件:查找a.html和b..."}
{"link": "http://www.cnblogs.com/rwxwsblog/p/4503493.html", "title": "【转】AWK 简明教程", "listUrl": "http://www.cnblogs.com/rwxwsblog/default.html?page=6", "desc": "摘要: 本文转自：http://coolshell.cn/articles/9070.html有一些网友看了前两天的《Linux下应该知道的技巧》希望我能教教他们用awk和sed，所以，出现了这篇文章。我估计这些80后的年轻朋友可能对awk/sed这类上古神器有点陌生了，所以需要我这个老家伙来炒炒冷饭。..."}
{"link": "http://www.cnblogs.com/rwxwsblog/p/4502348.html", "title": "我常用的那些linux命令", "listUrl": "http://www.cnblogs.com/rwxwsblog/default.html?page=6", "desc": "摘要: 我常用的那些linux命令 用linux也有些年头了，说来也忏愧，说是有些年头了，其实也还是个不长进的主。记得第一次接触linux是boss跟我说的怎么操作，什么编辑模式，按i，a，o进入编辑模式。在一个黑乎乎的窗口下不知道怎么胡乱编辑一通。那时的我说来也真是初生牛犊不怕虎呀，对linux一窍不通..."}
{"link": "http://www.cnblogs.com/rwxwsblog/p/4502807.html", "title": "我常用的Vi命令", "listUrl": "http://www.cnblogs.com/rwxwsblog/default.html?page=6", "desc": "摘要: Vi对于linux的重要性和受欢迎的程度在此一律不表。此刻互联网上不少介绍vi的文章和博客，相信写得比我好的也不在少数。然而为什么我依然写这样一篇文章呢？我对linux知识和了解也都来自于互联网，很难想象在没有互联网的情况下我能不能学会这些最基本的操作。其实用linux也有些年头了，但基本也就停..."}
{"link": "http://www.cnblogs.com/rwxwsblog/p/4501599.html", "title": "【转】sed 简明教程", "listUrl": "http://www.cnblogs.com/rwxwsblog/default.html?page=6", "desc": "摘要: 本文转自：http://coolshell.cn/articles/9104.htmlawk于1977年出生，今年36岁本命年，sed比awk大2-3岁，awk就像林妹妹，sed就是宝玉哥哥了。所以林妹妹跳了个Topless，他的哥哥sed坐不住了，也一定要出来抖一抖。sed全名叫stream ed..."}
{"link": "http://www.cnblogs.com/rwxwsblog/p/4499904.html", "title": "【转】你可能不知道的Shell", "listUrl": "http://www.cnblogs.com/rwxwsblog/default.html?page=6", "desc": "摘要: 本文转自http://coolshell.cn/articles/8619.html，只摘取了其中的一部分。再分享一些可能你不知道的shell用法和脚本，简单&强大！在阅读以下部分前，强烈建议读者打开一个shell实验，这些都不是shell教科书里的大路货哦：）!$!$是一个特殊的环境变量，它代表了..."}
{"link": "http://www.cnblogs.com/rwxwsblog/p/4492604.html", "title": "java切换VPN让你像幽灵一样出现在全国各地", "listUrl": "http://www.cnblogs.com/rwxwsblog/default.html?page=6", "desc": "摘要: 在很多情况下，有些网络应用的需求会要求模拟人在不同地区访问网站和应用。因而切换IP也就应运而生了，然而IP作为一种稀缺资源不是随便可以获得的。因而会想到应用程序切换VPN来达到全国不同地区访问网络。java调用cmd命令，用rasdial切换IP，实现不同地区访问指定网站。"}
{"link": "http://www.cnblogs.com/rwxwsblog/p/4492251.html", "title": "如何让您的php也支持pthreads多线程", "listUrl": "http://www.cnblogs.com/rwxwsblog/default.html?page=6", "desc": "摘要: 我们常常会碰到这样一种情况，开发环境在windows下开发，而生产环境确是linux。windows下能正常运行，上传到linux后却无法好好地玩耍了。然后开始了一轮尼玛式的疯狂的查找原因，最后发现是服务器环境问题。这时只能默默地爆一句shit。最近在用php多线程开发一个小功能也碰到类似的问题..."}
{"link": "http://www.cnblogs.com/rwxwsblog/p/4491752.html", "title": "div加jquery实现iframe标签的功能", "listUrl": "http://www.cnblogs.com/rwxwsblog/default.html?page=6", "desc": "摘要: 由于最近项目需要，前端后台都完全采用div+css的方式布局。因而左思右想，有什么办法可以替代常用的iframe上下左右的布局方式，而且页面只是局部刷新。参考了许多前辈的资料，并加以整理，因而有了以下的方法。 需求： 1、由于是全局的div+css，由于每次提交的内容都会有所差异。 ..."}
{"link": "http://www.cnblogs.com/rwxwsblog/p/4491019.html", "title": "php如何妩媚地生成执行的sql语句", "listUrl": "http://www.cnblogs.com/rwxwsblog/default.html?page=6", "desc": "摘要: 会不会碰到这样一种情况呢？每次获取数据将数据和历史版本都有一定的差别，然而用ThinkPHP的addAll()函数，却会将已有的数据删掉再重新写入。这明显不是我们想要的。但自己写sql每次几十个字段也是醉了。如何优雅而又轻松地实现sql的自动生成呢？于是有了下面这个方法。 /** ..."}
{"link": "http://www.cnblogs.com/rwxwsblog/p/4491003.html", "title": "php将对象数组转成普通数组", "listUrl": "http://www.cnblogs.com/rwxwsblog/default.html?page=6", "desc": "摘要: 最近在用ThinkPHP开发一个京东服务市场的应用，然而京东服务市场接口返回的数据是个对象数组。然而需要一个个属性取出来放到数组里面然后再利用ThinkPHP的addAll或者add方法写入数据库。然而每次返回的字段有几十个，每次这么拼接都要崩溃了。果然还是那句话，当你感到无法忍受的时候你就会想..."}
